{
    "demanda_de_energia_electrica": [
        {
            "topic": "demanda_de_energia_electrica",
            "tipo": "demanda_de_energia_electrica",
            "y2018": 3.61991431450472,
            "y2020": 4.58572041248078,
            "y2025": 6.021729765648567,
            "y2030": 7.569425233596405,
            "y2035": 8.879070034265187,
            "y2040": 10.072253453618073,
            "y2045": 11.10450336979424,
            "y2050": 11.95204810282543,
            "unidad": "TWh"
        }
    ]
}