{
    "salidas_balance": [
        {
            "topic": "balance",
            "tipo": "balance_total",
            "y2018": 0.8825218880111407,
            "y2020": -3.2517765907711436,
            "y2025": 5.482049248875178,
            "y2030": -1.9670126389278693,
            "y2035": -4.157244439318987,
            "y2040": -4.233872791886441,
            "y2045": -1.681672970735093,
            "y2050": 2.629742445278822,
            "unidad": "TWh",
            "medida_1": 1.0
        },
        {
            "topic": "balance",
            "tipo": "balance_total",
            "y2018": 0.8825218880111407,
            "y2020": -3.2517765907711436,
            "y2025": 5.482049248875178,
            "y2030": -1.9670126389278693,
            "y2035": -4.157244439318987,
            "y2040": -4.233872791886441,
            "y2045": -1.1560729707350959,
            "y2050": 3.1553424452788192,
            "unidad": "TWh",
            "medida_1": 2.0
        },
        {
            "topic": "balance",
            "tipo": "balance_total",
            "y2018": 0.8825218880111407,
            "y2020": -3.2517765907711436,
            "y2025": 5.482049248875178,
            "y2030": -1.9670126389278693,
            "y2035": -4.157244439318987,
            "y2040": -3.7082727918864435,
            "y2045": -1.1560729707350959,
            "y2050": 3.1553424452788192,
            "unidad": "TWh",
            "medida_1": 3.0
        },
        {
            "topic": "balance",
            "tipo": "balance_total",
            "y2018": 0.8825218880111407,
            "y2020": -3.2517765907711436,
            "y2025": 5.482049248875178,
            "y2030": -1.9670126389278693,
            "y2035": -4.157244439318987,
            "y2040": -3.7082727918864435,
            "y2045": -1.1560729707350959,
            "y2050": 3.1553424452788192,
            "unidad": "TWh",
            "medida_1": 4.0
        }
    ]
}