{"salidas_balance": [{"topic": "balance", "tipo": "balance_total", "y2018": 0.5172671115887439, "y2020": -4.113626051545012, "y2025": 3.9285821210037923, "y2030": -4.411331225943059, "y2035": -7.663720986571462, "y2040": -8.931203279584864, "y2045": -7.517261429203884, "y2050": -4.417943568266111, "unidad": "TWh", "medida_1": 1.0}, {"topic": "balance", "tipo": "balance_total", "y2018": 0.5172671115887439, "y2020": -4.113626051545012, "y2025": 3.9285821210037923, "y2030": -4.411331225943059, "y2035": -7.663720986571462, "y2040": -8.931203279584864, "y2045": -6.991661429203887, "y2050": -3.8923435682661136, "unidad": "TWh", "medida_1": 2.0}, {"topic": "balance", "tipo": "balance_total", "y2018": 0.5172671115887439, "y2020": -4.113626051545012, "y2025": 3.9285821210037923, "y2030": -4.411331225943059, "y2035": -7.663720986571462, "y2040": -8.405603279584867, "y2045": -6.991661429203887, "y2050": -3.8923435682661136, "unidad": "TWh", "medida_1": 3.0}, {"topic": "balance", "tipo": "balance_total", "y2018": 0.5172671115887439, "y2020": -4.113626051545012, "y2025": 3.9285821210037923, "y2030": -4.411331225943059, "y2035": -7.663720986571462, "y2040": -8.405603279584867, "y2045": -6.991661429203887, "y2050": -3.8923435682661136, "unidad": "TWh", "medida_1": 4.0}]}