{
    "uso_de_combustible_para_aviacion_internacional": [
        {
            "topic": "uso_de_combustible_para_aviacion_internacional",
            "trayectoria": 1.0,
            "y2018": 4.352701004774195,
            "y2020": 4.5100275471154445,
            "y2025": 4.6673540894566665,
            "y2030": 4.824680631797917,
            "y2035": 4.982007174139139,
            "y2040": 5.139333716480389,
            "y2045": 5.2966602588216105,
            "y2050": 5.453986801162861,
            "unidad": "TWh"
        },
        {
            "topic": "uso_de_combustible_para_aviacion_internacional",
            "trayectoria": 2.0,
            "y2018": 4.300258823993778,
            "y2020": 4.4051431855546115,
            "y2025": 4.5100275471154445,
            "y2030": 4.61491190867625,
            "y2035": 4.719796270237083,
            "y2040": 4.824680631797917,
            "y2045": 4.9295649933587224,
            "y2050": 5.0344493549195555,
            "unidad": "TWh"
        },
        {
            "topic": "uso_de_combustible_para_aviacion_internacional",
            "trayectoria": 3.0,
            "y2018": 4.352701004774195,
            "y2020": 4.5100275471154445,
            "y2025": 4.5100275471154445,
            "y2030": 4.5100275471154445,
            "y2035": 4.5100275471154445,
            "y2040": 4.5100275471154445,
            "y2045": 4.5100275471154445,
            "y2050": 4.5100275471154445,
            "unidad": "TWh"
        },
        {
            "topic": "uso_de_combustible_para_aviacion_internacional",
            "trayectoria": 4.0,
            "y2018": 4.352701004774195,
            "y2020": 4.5100275471154445,
            "y2025": 4.457585366335028,
            "y2030": 4.4051431855546115,
            "y2035": 4.352701004774195,
            "y2040": 4.300258823993806,
            "y2045": 4.247816643213389,
            "y2050": 4.195374462432972,
            "unidad": "TWh"
        }
    ]
}