{
    "uso_de_combustible_para_navegacion_nacional": [
        {
            "topic": "uso_de_combustible_para_navegacion_nacional",
            "trayectoria": 1.0,
            "y2018": 1.114,
            "y2020": 1.1348875,
            "y2025": 1.20799375,
            "y2030": 1.33331875,
            "y2035": 1.5108625000000002,
            "y2040": 1.7406250000000003,
            "y2045": 2.0226062500000004,
            "y2050": 1.4482000000000002,
            "unidad": "TWh"
        },
        {
            "topic": "uso_de_combustible_para_navegacion_nacional",
            "trayectoria": 2.0,
            "y2018": 1.114,
            "y2020": 1.127925,
            "y2025": 1.1766625000000002,
            "y2030": 1.2602125000000002,
            "y2035": 1.3785750000000003,
            "y2040": 1.5317500000000004,
            "y2045": 1.7197375000000004,
            "y2050": 1.3368000000000002,
            "unidad": "TWh"
        },
        {
            "topic": "uso_de_combustible_para_navegacion_nacional",
            "trayectoria": 3.0,
            "y2018": 1.114,
            "y2020": 1.1209625,
            "y2025": 1.1453312500000001,
            "y2030": 1.18710625,
            "y2035": 1.2462875,
            "y2040": 1.322875,
            "y2045": 1.41686875,
            "y2050": 1.2254,
            "unidad": "TWh"
        },
        {
            "topic": "uso_de_combustible_para_navegacion_nacional",
            "trayectoria": 4.0,
            "y2018": 1.114,
            "y2020": 1.114,
            "y2025": 1.114,
            "y2030": 1.114,
            "y2035": 1.114,
            "y2040": 1.114,
            "y2045": 1.114,
            "y2050": 1.114,
            "unidad": "TWh"
        }
    ]
}